{
  "random_forest": {
    "accuracy": 0.9999103480736042,
    "precision": 0.9999609390258193,
    "recall": 0.999882826231301,
    "f1_score": 0.9999218811030388,
    "auc_roc": 0.9999151167024812,
    "false_positive_rate": 5.259282633848743e-05,
    "confusion_matrix": {
      "true_negatives": 19013,
      "false_positives": 1,
      "false_negatives": 3,
      "true_positives": 25600
    },
    "inference_time_seconds": 0.08336997032165527,
    "per_sample_ms": 0.0018685696107236093,
    "training_time_seconds": 3.122182846069336
  },
  "gradient_boosting": {
    "accuracy": 0.9997982831656095,
    "precision": 0.9997266479225242,
    "recall": 0.9999218841542007,
    "f1_score": 0.999824256507391,
    "auc_roc": 0.9997768671849155,
    "false_positive_rate": 0.000368149784369412,
    "confusion_matrix": {
      "true_negatives": 19007,
      "false_positives": 7,
      "false_negatives": 2,
      "true_positives": 25601
    },
    "inference_time_seconds": 0.12728404998779297,
    "per_sample_ms": 0.0028528150702152315,
    "training_time_seconds": 177.57794713974
  },
  "logistic_regression": {
    "accuracy": 0.9980276576192931,
    "precision": 0.997581808962908,
    "recall": 0.9989844940046089,
    "f1_score": 0.9982826587564888,
    "auc_roc": 0.9978618693858113,
    "false_positive_rate": 0.0032607552329862208,
    "confusion_matrix": {
      "true_negatives": 18952,
      "false_positives": 62,
      "false_negatives": 26,
      "true_positives": 25577
    },
    "inference_time_seconds": 0.012843847274780273,
    "per_sample_ms": 0.00028786891262927303,
    "training_time_seconds": 2.5030057430267334
  }
}